district,avg_daily,avg_utilization,peak_utilization,capacity_status
100000,10.19047619047619,2.038095238095238,32.2,Under-utilized
24 Paraganas North,3073.5,614.7,1019.4000000000001,Over Capacity
24 Paraganas South,490.0,98.0,98.0,Near Capacity
Adilabad,57.77333333333333,11.554666666666668,28.999999999999996,Under-utilized
Agar Malwa,35.083333333333336,7.016666666666667,30.4,Under-utilized
Agra,345.2352941176471,69.04705882352941,913.8,Optimal
Ahilyanagar,1.7142857142857142,0.34285714285714286,1.2,Under-utilized
Ahmadabad,90.86301369863014,18.172602739726027,896.8,Under-utilized
Ahmadnagar,149.44871794871796,29.889743589743592,192.6,Under-utilized
Ahmed Nagar,4.954545454545454,0.990909090909091,5.6000000000000005,Under-utilized
Ahmedabad,228.55555555555554,45.71111111111111,240.0,Under-utilized
Ahmednagar,368.0,73.6,73.6,Optimal
Aizawl,13.876712328767123,2.7753424657534245,8.200000000000001,Under-utilized
Ajmer,150.56962025316454,30.11392405063291,247.8,Under-utilized
Akola,63.863013698630134,12.772602739726027,127.4,Under-utilized
Alappuzha,47.013513513513516,9.402702702702703,28.999999999999996,Under-utilized
Aligarh,307.75,61.55,1281.6000000000001,Optimal
Alipurduar,48.11842105263158,9.623684210526315,326.2,Under-utilized
Alirajpur,88.61538461538461,17.723076923076924,295.0,Under-utilized
Allahabad,165.51282051282053,33.1025641025641,89.4,Under-utilized
Alluri Sitharama Raju,16.63013698630137,3.3260273972602743,10.2,Under-utilized
Almora,18.16216216216216,3.6324324324324326,11.4,Under-utilized
Alwar,283.0987654320988,56.61975308641975,551.4,Optimal
Ambala,41.53333333333333,8.306666666666667,56.2,Under-utilized
Ambedkar Nagar,100.6025641025641,20.120512820512822,62.4,Under-utilized
Amethi,91.76623376623377,18.353246753246754,56.39999999999999,Under-utilized
Amravati,85.2,17.04,136.8,Under-utilized
Amreli,54.9078947368421,10.98157894736842,153.8,Under-utilized
Amritsar,116.39024390243902,23.278048780487804,343.40000000000003,Under-utilized
Amroha,102.6923076923077,20.53846153846154,115.99999999999999,Under-utilized
Anakapalli,7.485714285714286,1.497142857142857,5.4,Under-utilized
Anand,86.5,17.3,221.8,Under-utilized
Anantapur,55.98701298701299,11.197402597402599,40.8,Under-utilized
Ananthapur,25.826666666666668,5.165333333333334,16.6,Under-utilized
Ananthapuramu,41.810810810810814,8.362162162162162,26.400000000000002,Under-utilized
Anantnag,44.875,8.975000000000001,25.4,Under-utilized
Andamans,1.7804878048780488,0.35609756097560974,0.8,Under-utilized
Angul,38.578947368421055,7.71578947368421,23.200000000000003,Under-utilized
Anjaw,1.894736842105263,0.37894736842105264,0.8,Under-utilized
Annamayya,14.420289855072463,2.8840579710144927,9.8,Under-utilized
Anugal,1.0,0.2,0.2,Under-utilized
Anugul,3.3833333333333333,0.6766666666666666,3.0,Under-utilized
Anuppur,42.986486486486484,8.597297297297297,38.6,Under-utilized
Araria,186.7530864197531,37.35061728395062,335.2,Under-utilized
Ariyalur,31.56756756756757,6.313513513513513,20.200000000000003,Under-utilized
Arvalli,31.094594594594593,6.218918918918919,120.19999999999999,Under-utilized
Arwal,47.45569620253165,9.491139240506328,101.0,Under-utilized
Ashok Nagar,66.02564102564102,13.205128205128204,106.2,Under-utilized
Ashoknagar,1505.5,301.09999999999997,428.59999999999997,Over Capacity
Auraiya,47.532467532467535,9.506493506493506,35.6,Under-utilized
Aurangabad,324.8072289156627,64.96144578313253,767.0,Optimal
Aurangabad(Bh),2.466666666666667,0.4933333333333333,1.4000000000000001,Under-utilized
Ayodhya,22.105263157894736,4.421052631578948,120.6,Under-utilized
Azamgarh,252.6375,50.5275,713.4000000000001,Optimal
Badgam,25.333333333333332,5.066666666666666,19.8,Under-utilized
Bagalkot,94.03896103896103,18.807792207792208,69.39999999999999,Under-utilized
Bageshwar,10.183098591549296,2.036619718309859,5.6000000000000005,Under-utilized
Baghpat,85.32911392405063,17.065822784810127,110.60000000000001,Under-utilized
Bagpat,1.0,0.2,0.2,Under-utilized
Bahraich,463.0595238095238,92.61190476190477,2109.4,Near Capacity
Bajali,1.3,0.26,0.6,Under-utilized
Baksa,43.18072289156626,8.636144578313253,215.60000000000002,Under-utilized
Balaghat,88.88,17.776,67.60000000000001,Under-utilized
Balangir,72.48684210526316,14.49736842105263,39.6,Under-utilized
Baleshwar,16.301369863013697,3.26027397260274,8.0,Under-utilized
Baleswar,76.96052631578948,15.392105263157895,34.2,Under-utilized
Ballari,36.75675675675676,7.351351351351352,23.400000000000002,Under-utilized
Ballia,123.0886075949367,24.61772151898734,73.2,Under-utilized
Balod,21.56756756756757,4.313513513513513,14.399999999999999,Under-utilized
Baloda Bazar,61.103896103896105,12.220779220779221,108.80000000000001,Under-utilized
Balotra,1.0,0.2,0.2,Under-utilized
Balrampur,227.0125,45.4025,873.6,Under-utilized
Banas Kantha,228.66101694915255,45.7322033898305,1845.6,Under-utilized
Banaskantha,223.69736842105263,44.73947368421052,808.8,Under-utilized
Banda,130.725,26.145,320.8,Under-utilized
Bandipore,22.87142857142857,4.574285714285714,11.4,Under-utilized
Bandipur,1.0,0.2,0.2,Under-utilized
Bangalore,89.78947368421052,17.957894736842103,64.60000000000001,Under-utilized
Bangalore Rural,34.733333333333334,6.946666666666666,48.0,Under-utilized
Banka,135.35443037974684,27.070886075949367,195.0,Under-utilized
Bankura,141.35897435897436,28.27179487179487,79.0,Under-utilized
Banswara,92.82894736842105,18.56578947368421,50.0,Under-utilized
Bapatla,6.788732394366197,1.3577464788732396,5.0,Under-utilized
Bara Banki,113.12658227848101,22.625316455696204,67.2,Under-utilized
Barabanki,32.763888888888886,6.552777777777778,356.8,Under-utilized
Baramula,48.01298701298701,9.602597402597402,37.4,Under-utilized
Baran,79.87012987012987,15.974025974025974,92.80000000000001,Under-utilized
Barddhaman,204.01315789473685,40.80263157894737,97.0,Under-utilized
Bardez,1.0,0.2,0.2,Under-utilized
Bardhaman,23.58108108108108,4.716216216216216,10.6,Under-utilized
Bareilly,333.6219512195122,66.72439024390243,852.8000000000001,Optimal
Bargarh,69.86301369863014,13.972602739726028,37.6,Under-utilized
Barmer,197.66666666666666,39.53333333333333,190.6,Under-utilized
Barnala,13.527027027027026,2.705405405405405,10.0,Under-utilized
Barpeta,171.1341463414634,34.22682926829268,877.8000000000001,Under-utilized
Barwani,276.11392405063293,55.222784810126576,1443.8,Optimal
Bastar,89.05479452054794,17.81095890410959,108.2,Under-utilized
Basti,127.06410256410257,25.412820512820513,88.8,Under-utilized
Bathinda,35.9054054054054,7.18108108108108,19.400000000000002,Under-utilized
Baudh,2.9827586206896552,0.596551724137931,1.7999999999999998,Under-utilized
Beawar,1.0,0.2,0.2,Under-utilized
Beed,123.2560975609756,24.651219512195123,456.59999999999997,Under-utilized
Begusarai,161.85897435897436,32.37179487179487,152.4,Under-utilized
Belagavi,100.5,20.099999999999998,71.0,Under-utilized
Belgaum,86.1948051948052,17.23896103896104,57.4,Under-utilized
Bellary,55.22666666666667,11.045333333333334,35.0,Under-utilized
Bemetara,35.693333333333335,7.1386666666666665,24.2,Under-utilized
Bengaluru,388.0632911392405,77.61265822784812,1569.4,Optimal
Bengaluru Rural,697.5,139.49999999999997,330.79999999999995,Over Capacity
Bengaluru South,5.9393939393939394,1.187878787878788,5.4,Under-utilized
Bengaluru Urban,5768.5,1153.6999999999998,2443.7999999999997,Over Capacity
Betul,103.61538461538461,20.723076923076924,193.6,Under-utilized
Bhabua,1.3478260869565217,0.26956521739130435,0.8,Under-utilized
Bhadohi,7.301369863013699,1.4602739726027396,4.8,Under-utilized
Bhadradri Kothagudem,40.14102564102564,8.028205128205128,127.8,Under-utilized
Bhadrak,63.026315789473685,12.605263157894736,32.0,Under-utilized
Bhagalpur,248.14457831325302,49.6289156626506,770.0,Under-utilized
Bhandara,25.506849315068493,5.101369863013699,27.200000000000003,Under-utilized
Bharatpur,209.5375,41.9075,399.6,Under-utilized
Bharuch,54.83116883116883,10.966233766233765,79.0,Under-utilized
Bhavnagar,124.9625,24.9925,428.8,Under-utilized
Bhilwara,137.1772151898734,27.435443037974686,166.2,Under-utilized
Bhind,167.19277108433735,33.43855421686747,811.0,Under-utilized
Bhiwani,44.86486486486486,8.972972972972974,31.2,Under-utilized
Bhojpur,164.29113924050634,32.858227848101265,164.6,Under-utilized
Bhopal,156.1358024691358,31.22716049382716,226.6,Under-utilized
Bid,8.161764705882353,1.6323529411764706,6.6000000000000005,Under-utilized
Bidar,62.55844155844156,12.511688311688312,34.4,Under-utilized
Bijapur,129.6265060240964,25.92530120481928,278.2,Under-utilized
Bijapur(Kar),1.5,0.30000000000000004,0.4,Under-utilized
Bijnor,210.83333333333334,42.166666666666664,364.40000000000003,Under-utilized
Bikaner,160.96296296296296,32.19259259259259,258.59999999999997,Under-utilized
Bilaspur,123.84615384615384,24.76923076923077,295.2,Under-utilized
Birbhum,190.3,38.06,153.8,Under-utilized
Bishnupur,14.56578947368421,2.9131578947368424,37.0,Under-utilized
Biswanath,16.736842105263158,3.3473684210526318,50.0,Under-utilized
Bokaro,74.86842105263158,14.973684210526315,43.6,Under-utilized
Bongaigaon,37.84146341463415,7.568292682926829,73.8,Under-utilized
Botad,40.416666666666664,8.083333333333334,218.00000000000003,Under-utilized
Boudh,19.013698630136986,3.8027397260273976,10.0,Under-utilized
Budaun,188.54320987654322,37.708641975308645,665.2,Under-utilized
Budgam,11.485714285714286,2.297142857142857,8.0,Under-utilized
Bulandshahar,2.9193548387096775,0.5838709677419355,2.6,Under-utilized
Bulandshahr,200.9156626506024,40.18313253012048,272.8,Under-utilized
Buldana,14.547945205479452,2.9095890410958907,7.8,Under-utilized
Buldhana,90.66233766233766,18.132467532467533,292.4,Under-utilized
Bundi,61.53846153846154,12.307692307692308,93.0,Under-utilized
Burdwan,2.0,0.4,0.4,Under-utilized
Burhanpur,124.21794871794872,24.843589743589746,595.2,Under-utilized
Buxar,89.87012987012987,17.974025974025974,68.60000000000001,Under-utilized
Cachar,209.890243902439,41.97804878048781,1174.6000000000001,Under-utilized
Central Delhi,48.098765432098766,9.619753086419752,230.39999999999998,Under-utilized
Chamarajanagar,4.111111111111111,0.8222222222222222,3.0,Under-utilized
Chamba,21.835616438356166,4.367123287671233,15.2,Under-utilized
Chamoli,14.51388888888889,2.9027777777777777,10.6,Under-utilized
Champawat,12.318840579710145,2.463768115942029,12.4,Under-utilized
Champhai,15.819444444444445,3.1638888888888888,73.6,Under-utilized
Chamrajanagar,29.89041095890411,5.978082191780822,19.0,Under-utilized
Chamrajnagar,5.582089552238806,1.1164179104477612,4.2,Under-utilized
Chandauli,113.3012048192771,22.660240963855422,321.0,Under-utilized
Chandel,10.623188405797102,2.1246376811594203,9.4,Under-utilized
Chandigarh,34.43421052631579,6.886842105263158,23.400000000000002,Under-utilized
Chandrapur,57.42857142857143,11.485714285714286,80.60000000000001,Under-utilized
Changlang,10.972222222222221,2.1944444444444446,8.6,Under-utilized
Charaideo,15.972972972972974,3.194594594594595,61.0,Under-utilized
Charkhi Dadri,10.853333333333333,2.170666666666667,8.4,Under-utilized
Chatra,79.48101265822785,15.896202531645569,100.2,Under-utilized
Chatrapati Sambhaji Nagar,3.246153846153846,0.6492307692307693,1.6,Under-utilized
Chengalpattu,16.506666666666668,3.3013333333333335,45.2,Under-utilized
Chennai,126.3974358974359,25.27948717948718,94.0,Under-utilized
Chhatarpur,218.07407407407408,43.614814814814814,717.1999999999999,Under-utilized
Chhatrapati Sambhajinagar,13.378378378378379,2.675675675675676,18.4,Under-utilized
Chhindwara,118.21333333333334,23.642666666666667,73.8,Under-utilized
Chhotaudepur,54.21333333333333,10.842666666666666,372.40000000000003,Under-utilized
Chickmagalur,16.859154929577464,3.371830985915493,12.8,Under-utilized
Chikkaballapur,40.84,8.168000000000001,28.999999999999996,Under-utilized
Chikkamagaluru,16.085714285714285,3.217142857142857,13.0,Under-utilized
Chikmagalur,2.586206896551724,0.5172413793103449,2.4,Under-utilized
Chirang,43.23684210526316,8.647368421052633,261.8,Under-utilized
Chitradurga,57.25333333333333,11.450666666666667,48.199999999999996,Under-utilized
Chitrakoot,69.55263157894737,13.910526315789474,56.99999999999999,Under-utilized
Chittaurgarh,5.08955223880597,1.017910447761194,3.5999999999999996,Under-utilized
Chittoor,103.20779220779221,20.64155844155844,53.800000000000004,Under-utilized
Chittorgarh,76.46753246753246,15.293506493506491,315.2,Under-utilized
Chumukedima,4.136363636363637,0.8272727272727273,17.2,Under-utilized
Churachandpur,58.8974358974359,11.779487179487178,325.2,Under-utilized
Churu,153.59756097560975,30.71951219512195,430.0,Under-utilized
Coimbatore,111.97435897435898,22.394871794871793,70.8,Under-utilized
Cooch Behar,137.27272727272728,27.454545454545453,334.8,Under-utilized
Coochbehar,1470.0,294.0,851.0,Over Capacity
Cuddalore,109.79220779220779,21.958441558441557,66.8,Under-utilized
Cuddapah,76.82666666666667,15.365333333333334,53.6,Under-utilized
Cuttack,68.25974025974025,13.651948051948052,40.400000000000006,Under-utilized
Dadra & Nagar Haveli,1.0416666666666667,0.20833333333333334,0.4,Under-utilized
Dadra And Nagar Haveli,21.10958904109589,4.221917808219178,93.4,Under-utilized
Dahod,132.35064935064935,26.47012987012987,416.0,Under-utilized
Dakshin Bastar Dantewada,16.742857142857144,3.3485714285714288,33.2,Under-utilized
Dakshin Dinajpur,81.20253164556962,16.240506329113924,47.0,Under-utilized
Dakshina Kannada,83.09210526315789,16.61842105263158,71.6,Under-utilized
Daman,2.423076923076923,0.4846153846153846,1.0,Under-utilized
Damoh,80.08108108108108,16.01621621621622,49.2,Under-utilized
Dang,436.0,87.19999999999999,101.6,Near Capacity
Dantewada,10.875,2.1750000000000003,22.400000000000002,Under-utilized
Darbhanga,189.5875,37.917500000000004,150.0,Under-utilized
Darjeeling,89.34567901234568,17.86913580246914,297.0,Under-utilized
Darjiling,9.86111111111111,1.9722222222222223,5.2,Under-utilized
Darrang,91.8641975308642,18.37283950617284,252.8,Under-utilized
Datia,77.45333333333333,15.490666666666666,167.79999999999998,Under-utilized
Dausa,78.67105263157895,15.734210526315788,49.8,Under-utilized
Davanagere,6.625,1.3250000000000002,4.8,Under-utilized
Davangere,61.324675324675326,12.264935064935065,68.2,Under-utilized
Debagarh,11.833333333333334,2.3666666666666667,6.6000000000000005,Under-utilized
Deeg,2.6538461538461537,0.5307692307692308,2.6,Under-utilized
Dehradun,114.20731707317073,22.841463414634145,326.2,Under-utilized
Deoghar,102.0253164556962,20.40506329113924,144.6,Under-utilized
Deoria,128.0126582278481,25.602531645569623,181.4,Under-utilized
Devbhumi Dwarka,33.657534246575345,6.7315068493150685,115.39999999999999,Under-utilized
Dewas,131.22784810126583,26.245569620253164,169.79999999999998,Under-utilized
Dhalai,19.08,3.816,33.4,Under-utilized
Dhamtari,27.04225352112676,5.408450704225352,20.599999999999998,Under-utilized
Dhanbad,138.34615384615384,27.66923076923077,307.6,Under-utilized
Dhar,162.97402597402598,32.5948051948052,305.4,Under-utilized
Dharashiv,2.9183673469387754,0.5836734693877551,1.7999999999999998,Under-utilized
Dharmapuri,74.34666666666666,14.869333333333334,46.0,Under-utilized
Dharwad,66.0,13.200000000000001,43.2,Under-utilized
Dhaulpur,2.425925925925926,0.48518518518518516,1.4000000000000001,Under-utilized
Dhemaji,82.96341463414635,16.592682926829266,507.59999999999997,Under-utilized
Dhenkanal,40.50684931506849,8.101369863013698,24.0,Under-utilized
Dholpur,109.78947368421052,21.957894736842103,268.8,Under-utilized
Dhubri,152.6172839506173,30.523456790123458,346.4,Under-utilized
Dhule,158.36708860759492,31.67341772151899,528.8000000000001,Under-utilized
Dibang Valley,1.1111111111111112,0.2222222222222222,0.4,Under-utilized
Dibrugarh,90.60526315789474,18.121052631578948,496.8,Under-utilized
Didwana-Kuchaman,2.0,0.4,0.4,Under-utilized
Dima Hasao,9.538461538461538,1.9076923076923076,29.599999999999998,Under-utilized
Dimapur,43.0,8.6,156.8,Under-utilized
Dinajpur Dakshin,997.0,199.4,199.4,Over Capacity
Dinajpur Uttar,3890.3333333333335,778.0666666666666,1786.8,Over Capacity
Dindigul,78.40789473684211,15.68157894736842,50.6,Under-utilized
Dindori,36.87323943661972,7.374647887323944,33.800000000000004,Under-utilized
Diu,1.9148936170212767,0.3829787234042553,1.0,Under-utilized
Doda,58.19736842105263,11.639473684210527,107.60000000000001,Under-utilized
Dohad,177.2054794520548,35.441095890410956,1600.1999999999998,Under-utilized
Dr. B. R. Ambedkar Konaseema,9.3,1.8599999999999999,7.000000000000001,Under-utilized
Dumka,72.57692307692308,14.515384615384615,39.6,Under-utilized
Dungarpur,85.73333333333333,17.14666666666667,45.800000000000004,Under-utilized
Durg,50.166666666666664,10.033333333333333,99.0,Under-utilized
East,5.714285714285714,1.1428571428571428,3.0,Under-utilized
East Champaran,355.2962962962963,71.05925925925926,901.6,Optimal
East Delhi,131.35802469135803,26.271604938271604,375.59999999999997,Under-utilized
East Garo Hills,90.16417910447761,18.032835820895524,381.59999999999997,Under-utilized
East Godavari,97.45454545454545,19.490909090909092,56.00000000000001,Under-utilized
East Jaintia Hills,70.95833333333333,14.191666666666666,296.4,Under-utilized
East Kameng,2.9833333333333334,0.5966666666666666,3.0,Under-utilized
East Khasi Hills,333.2093023255814,66.64186046511628,1559.6,Optimal
East Midnapore,27.95945945945946,5.591891891891892,15.6,Under-utilized
East Midnapur,1.0,0.2,0.2,Under-utilized
East Nimar,51.2972972972973,10.25945945945946,91.60000000000001,Under-utilized
East Siang,2.661290322580645,0.532258064516129,1.6,Under-utilized
East Sikkim,5.265625,1.053125,3.4000000000000004,Under-utilized
East Singhbhum,98.0246913580247,19.604938271604937,59.599999999999994,Under-utilized
East Singhbum,1447.0,289.40000000000003,289.40000000000003,Over Capacity
Eastern West Khasi Hills,14.872727272727273,2.974545454545455,65.4,Under-utilized
Eluru,8.81159420289855,1.76231884057971,4.2,Under-utilized
Ernakulam,80.83116883116882,16.166233766233766,48.6,Under-utilized
Erode,76.44155844155844,15.288311688311689,52.2,Under-utilized
Etah,139.5625,27.9125,746.4000000000001,Under-utilized
Etawah,90.15384615384616,18.03076923076923,204.6,Under-utilized
Faizabad,87.8961038961039,17.57922077922078,55.00000000000001,Under-utilized
Faridabad,194.82716049382717,38.96543209876543,693.0,Under-utilized
Faridkot,12.205479452054794,2.4410958904109585,8.0,Under-utilized
Farrukhabad,72.9493670886076,14.589873417721519,50.2,Under-utilized
Fatehabad,35.66197183098591,7.1323943661971825,30.2,Under-utilized
Fatehgarh Sahib,14.333333333333334,2.8666666666666667,8.4,Under-utilized
Fatehpur,149.41975308641975,29.88395061728395,528.0,Under-utilized
Fazilka,25.133333333333333,5.026666666666666,15.8,Under-utilized
Ferozepur,19.08450704225352,3.816901408450704,10.8,Under-utilized
Firozabad,146.97560975609755,29.39512195121951,598.0,Under-utilized
Firozpur,5.954545454545454,1.190909090909091,4.0,Under-utilized
Gadag,60.608108108108105,12.121621621621621,44.0,Under-utilized
Gadchiroli,32.513888888888886,6.502777777777777,28.000000000000004,Under-utilized
Gajapati,26.958904109589042,5.391780821917808,14.6,Under-utilized
Ganderbal,11.528571428571428,2.3057142857142856,7.199999999999999,Under-utilized
Gandhinagar,68.81012658227849,13.762025316455697,157.8,Under-utilized
Ganganagar,72.4054054054054,14.48108108108108,62.6,Under-utilized
Ganjam,104.26315789473684,20.852631578947367,66.0,Under-utilized
Garhwa,82.25974025974025,16.45194805194805,51.0,Under-utilized
Garhwal,1.4444444444444444,0.2888888888888889,0.8,Under-utilized
Gariyaband,20.929577464788732,4.185915492957746,13.0,Under-utilized
Gaurela-Pendra-Marwahi,2.490566037735849,0.49811320754716987,1.7999999999999998,Under-utilized
Gaurella Pendra Marwahi,491.5,98.3,126.2,Near Capacity
Gautam Buddha Nagar,223.66666666666666,44.733333333333334,635.0,Under-utilized
Gaya,322.4096385542169,64.48192771084338,642.4000000000001,Optimal
Ghaziabad,276.2682926829268,55.25365853658537,743.2,Optimal
Ghazipur,141.8846153846154,28.376923076923077,81.0,Under-utilized
Gir Somnath,74.63157894736842,14.926315789473685,341.2,Under-utilized
Giridih,180.69230769230768,36.13846153846154,363.8,Under-utilized
Goalpara,121.425,24.285,579.6,Under-utilized
Godda,67.89473684210526,13.578947368421053,39.800000000000004,Under-utilized
Golaghat,145.24358974358975,29.04871794871795,693.8,Under-utilized
Gomati,10.196969696969697,2.039393939393939,24.8,Under-utilized
Gonda,190.45569620253164,38.09113924050633,544.4,Under-utilized
Gondia,1.0769230769230769,0.2153846153846154,0.4,Under-utilized
Gondiya,40.05555555555556,8.011111111111111,26.8,Under-utilized
Gopalganj,183.30864197530863,36.66172839506173,578.2,Under-utilized
Gorakhpur,239.9390243902439,47.98780487804878,715.8000000000001,Under-utilized
Gulbarga,56.19736842105263,11.239473684210527,35.4,Under-utilized
Gumla,86.3896103896104,17.277922077922078,138.39999999999998,Under-utilized
Guna,125.96103896103897,25.192207792207796,214.4,Under-utilized
Guntur,123.11688311688312,24.623376623376622,76.4,Under-utilized
Gurdaspur,65.24358974358974,13.048717948717949,131.6,Under-utilized
Gurgaon,85.26923076923077,17.053846153846155,144.4,Under-utilized
Gurugram,878.6666666666666,175.73333333333335,352.8,Over Capacity
Gwalior,218.6904761904762,43.73809523809524,881.8,Under-utilized
Hailakandi,69.21794871794872,13.843589743589742,203.2,Under-utilized
Hamirpur,58.84415584415584,11.76883116883117,35.0,Under-utilized
Hanumakonda,13.875,2.7750000000000004,7.3999999999999995,Under-utilized
Hanumangarh,63.578947368421055,12.715789473684211,150.2,Under-utilized
Haora,37.21333333333333,7.442666666666668,21.6,Under-utilized
Hapur,92.11538461538461,18.423076923076923,358.2,Under-utilized
Harda,37.47222222222222,7.4944444444444445,21.0,Under-utilized
Hardoi,311.625,62.325,1698.8,Optimal
Hardwar,2.75,0.55,1.7999999999999998,Under-utilized
Haridwar,74.39240506329114,14.878481012658229,146.4,Under-utilized
Hasan,13.605633802816902,2.72112676056338,9.8,Under-utilized
Hassan,33.657534246575345,6.7315068493150685,22.400000000000002,Under-utilized
Hathras,84.44736842105263,16.88947368421053,161.60000000000002,Under-utilized
Haveri,56.0921052631579,11.218421052631578,39.2,Under-utilized
Hawrah,1.25,0.25,0.4,Under-utilized
Hazaribag,7.732394366197183,1.5464788732394366,4.8,Under-utilized
Hazaribagh,79.0,15.799999999999999,49.6,Under-utilized
Hingoli,104.43589743589743,20.887179487179484,601.1999999999999,Under-utilized
Hisar,64.74358974358974,12.948717948717949,81.2,Under-utilized
Hnahthial,1.0,0.2,0.2,Under-utilized
Hojai,86.75,17.35,424.6,Under-utilized
Hooghiy,1.0,0.2,0.2,Under-utilized
Hooghly,192.84615384615384,38.56923076923077,122.6,Under-utilized
Hoshangabad,78.85333333333334,15.770666666666665,56.2,Under-utilized
Hoshiarpur,51.075,10.215,73.0,Under-utilized
Howrah,141.1139240506329,28.22278481012658,74.0,Under-utilized
Hugli,3.081967213114754,0.6163934426229508,1.7999999999999998,Under-utilized
Hyderabad,369.1219512195122,73.82439024390244,1450.3999999999999,Optimal
Idukki,23.492957746478872,4.698591549295775,16.8,Under-utilized
Imphal East,14.513157894736842,2.9026315789473682,11.600000000000001,Under-utilized
Imphal West,16.445945945945947,3.289189189189189,21.2,Under-utilized
Indore,265.7590361445783,53.151807228915665,998.8,Optimal
Jabalpur,162.93421052631578,32.58684210526316,98.4,Under-utilized
Jagatsinghapur,41.4,8.28,39.4,Under-utilized
Jagatsinghpur,9.657142857142857,1.9314285714285713,6.0,Under-utilized
Jagitial,21.569444444444443,4.313888888888889,11.0,Under-utilized
Jaintia Hills,1.0,0.2,0.2,Under-utilized
Jaipur,379.2625,75.85249999999999,687.6,Optimal
Jaisalmer,36.38961038961039,7.277922077922078,26.8,Under-utilized
Jajapur,34.9041095890411,6.980821917808219,18.4,Under-utilized
Jajpur,32.3421052631579,6.468421052631579,17.4,Under-utilized
Jalandhar,53.78666666666667,10.757333333333333,41.4,Under-utilized
Jalaun,69.36708860759494,13.873417721518987,104.2,Under-utilized
Jalgaon,166.18987341772151,33.23797468354431,292.6,Under-utilized
Jalna,72.52631578947368,14.505263157894738,47.599999999999994,Under-utilized
Jalor,172.60759493670886,34.52151898734177,396.4,Under-utilized
Jalore,98.8,19.759999999999998,98.0,Under-utilized
Jalpaiguri,131.6375,26.327499999999997,196.0,Under-utilized
Jammu,58.55844155844156,11.711688311688311,38.800000000000004,Under-utilized
Jamnagar,73.66666666666667,14.733333333333334,202.8,Under-utilized
Jamtara,57.86666666666667,11.573333333333334,32.2,Under-utilized
Jamui,124.66666666666667,24.933333333333334,338.4,Under-utilized
Jangaon,1.7906976744186047,0.3581395348837209,1.0,Under-utilized
Jangoan,14.342857142857143,2.8685714285714288,8.0,Under-utilized
Janjgir - Champa,1.65,0.32999999999999996,0.8,Under-utilized
Janjgir Champa,1.263157894736842,0.2526315789473685,0.4,Under-utilized
Janjgir-Champa,57.37179487179487,11.474358974358974,36.199999999999996,Under-utilized
Jashpur,32.24324324324324,6.448648648648648,18.4,Under-utilized
Jaunpur,187.0120481927711,37.40240963855422,305.2,Under-utilized
Jayashankar Bhupalpally,11.605633802816902,2.3211267605633803,8.200000000000001,Under-utilized
Jehanabad,58.148148148148145,11.62962962962963,83.6,Under-utilized
Jhabua,167.95,33.589999999999996,552.2,Under-utilized
Jhajjar,34.29333333333334,6.858666666666666,27.6,Under-utilized
Jhalawar,89.23376623376623,17.84675324675325,51.0,Under-utilized
Jhansi,90.97402597402598,18.194805194805195,51.0,Under-utilized
Jhargram,13.097222222222221,2.6194444444444445,12.4,Under-utilized
Jharsuguda,15.767123287671232,3.1534246575342464,10.8,Under-utilized
Jhunjhunu,4.553846153846154,0.9107692307692308,2.8000000000000003,Under-utilized
Jhunjhunun,97.0657894736842,19.413157894736845,48.6,Under-utilized
Jind,48.92,9.783999999999999,36.0,Under-utilized
Jiribam,2.7884615384615383,0.5576923076923077,2.6,Under-utilized
Jodhpur,265.7682926829268,53.15365853658537,523.2,Optimal
Jogulamba Gadwal,24.859154929577464,4.971830985915493,15.8,Under-utilized
Jorhat,58.5679012345679,11.71358024691358,274.2,Under-utilized
Junagadh,71.92,14.383999999999999,57.8,Under-utilized
Jyotiba Phule Nagar,1.9268292682926829,0.3853658536585366,1.4000000000000001,Under-utilized
K.V. Rangareddy,212.825,42.565,118.6,Under-utilized
K.V.Rangareddy,1.558139534883721,0.3116279069767442,0.8,Under-utilized
Kabeerdham,12.561643835616438,2.5123287671232877,8.6,Under-utilized
Kachchh,113.5125,22.7025,385.8,Under-utilized
Kaimur (Bhabua),91.83132530120481,18.366265060240963,187.4,Under-utilized
Kaithal,39.136986301369866,7.8273972602739725,87.0,Under-utilized
Kakching,2.0961538461538463,0.41923076923076924,1.0,Under-utilized
Kakinada,12.594594594594595,2.518918918918919,6.6000000000000005,Under-utilized
Kalaburagi,62.28947368421053,12.457894736842105,121.6,Under-utilized
Kalahandi,56.65384615384615,11.33076923076923,35.4,Under-utilized
Kalimpong,8.262295081967213,1.6524590163934425,37.8,Under-utilized
Kallakurichi,14.14864864864865,2.82972972972973,48.6,Under-utilized
Kamareddy,27.929577464788732,5.585915492957747,16.0,Under-utilized
Kamle,1.7647058823529411,0.35294117647058826,1.4000000000000001,Under-utilized
Kamrup,165.3048780487805,33.0609756097561,789.4,Under-utilized
Kamrup Metro,71.64634146341463,14.329268292682928,177.0,Under-utilized
Kancheepuram,162.9102564102564,32.58205128205128,107.60000000000001,Under-utilized
Kanchipuram,96.75,19.349999999999998,70.19999999999999,Under-utilized
Kandhamal,39.8421052631579,7.968421052631579,23.200000000000003,Under-utilized
Kangra,51.306666666666665,10.261333333333333,37.2,Under-utilized
Kanker,23.314285714285713,4.662857142857143,14.6,Under-utilized
Kannauj,82.55696202531645,16.511392405063294,216.4,Under-utilized
Kanniyakumari,29.144736842105264,5.828947368421052,19.2,Under-utilized
Kannur,78.33333333333333,15.666666666666666,45.2,Under-utilized
Kanpur Dehat,98.9,19.78,382.2,Under-utilized
Kanpur Nagar,292.51807228915663,58.503614457831326,664.0,Optimal
Kanyakumari,27.0,5.4,13.0,Under-utilized
Kapurthala,46.59493670886076,9.318987341772152,134.4,Under-utilized
Karaikal,7.833333333333333,1.5666666666666667,4.0,Under-utilized
Karauli,107.78481012658227,21.556962025316455,189.2,Under-utilized
Karbi Anglong,100.84810126582279,20.169620253164556,431.59999999999997,Under-utilized
Kargil,14.055555555555555,2.8111111111111113,9.6,Under-utilized
Karim Nagar,1.975609756097561,0.39512195121951216,2.0,Under-utilized
Karimganj,180.23456790123456,36.04691358024691,634.1999999999999,Under-utilized
Karimnagar,84.68,16.936,44.6,Under-utilized
Karnal,55.028169014084504,11.0056338028169,34.2,Under-utilized
Karur,52.5945945945946,10.518918918918919,31.6,Under-utilized
Kasaragod,48.0958904109589,9.619178082191782,34.4,Under-utilized
Kasargod,4.626865671641791,0.9253731343283582,2.6,Under-utilized
Kasganj,80.84415584415585,16.16883116883117,449.6,Under-utilized
Kathua,36.76623376623377,7.353246753246754,34.2,Under-utilized
Katihar,196.8375,39.3675,197.0,Under-utilized
Katni,134.825,26.964999999999996,143.4,Under-utilized
Kaushambi,94.15384615384616,18.83076923076923,222.6,Under-utilized
Kawardha,27.04,5.408,22.0,Under-utilized
Kendrapara,52.95945945945946,10.591891891891892,29.799999999999997,Under-utilized
Kendujhar,69.63157894736842,13.926315789473685,64.0,Under-utilized
Khagaria,99.83544303797468,19.96708860759494,88.0,Under-utilized
Khairagarh Chhuikhadan Gandai,3.819672131147541,0.7639344262295082,2.8000000000000003,Under-utilized
Khammam,64.80263157894737,12.960526315789474,37.8,Under-utilized
Khandwa,57.19230769230769,11.438461538461537,166.2,Under-utilized
Khargone,184.22222222222223,36.84444444444445,944.8000000000001,Under-utilized
Khawzawl,2.4285714285714284,0.48571428571428577,3.2,Under-utilized
Kheda,94.43589743589743,18.887179487179488,136.4,Under-utilized
Kheri,296.0243902439024,59.20487804878049,925.8,Optimal
Khorda,56.32,11.264,29.599999999999998,Under-utilized
Khordha,16.16216216216216,3.2324324324324323,17.4,Under-utilized
Khowai,4.90625,0.98125,4.2,Under-utilized
Khunti,33.11538461538461,6.6230769230769235,71.2,Under-utilized
Kinnaur,2.7586206896551726,0.5517241379310345,1.4000000000000001,Under-utilized
Kiphire,12.23611111111111,2.447222222222222,61.0,Under-utilized
Kishanganj,104.17721518987342,20.835443037974684,93.0,Under-utilized
Kishtwar,16.986301369863014,3.3972602739726026,17.4,Under-utilized
Koch Bihar,43.50666666666667,8.701333333333334,30.8,Under-utilized
Kodagu,16.36986301369863,3.2739726027397262,17.0,Under-utilized
Kodarma,4.485294117647059,0.8970588235294118,3.5999999999999996,Under-utilized
Koderma,40.578947368421055,8.11578947368421,25.4,Under-utilized
Kohima,23.318840579710145,4.6637681159420294,129.20000000000002,Under-utilized
Kokrajhar,53.80952380952381,10.761904761904763,115.19999999999999,Under-utilized
Kolar,54.74324324324324,10.94864864864865,37.0,Under-utilized
Kolasib,4.55,0.91,17.0,Under-utilized
Kolhapur,96.88157894736842,19.376315789473683,59.199999999999996,Under-utilized
Kolkata,127.5625,25.5125,163.0,Under-utilized
Kollam,66.50666666666666,13.301333333333334,42.199999999999996,Under-utilized
Komaram Bheem,14.594594594594595,2.918918918918919,7.199999999999999,Under-utilized
Kondagaon,40.534246575342465,8.106849315068493,62.4,Under-utilized
Koppal,71.85135135135135,14.370270270270272,55.60000000000001,Under-utilized
Koraput,59.04,11.808,35.6,Under-utilized
Korba,45.5921052631579,9.118421052631579,29.799999999999997,Under-utilized
Koriya,23.38888888888889,4.677777777777778,15.6,Under-utilized
Kota,93.93589743589743,18.78717948717949,57.99999999999999,Under-utilized
Kottayam,44.97222222222222,8.994444444444445,28.4,Under-utilized
Kozhikode,87.30263157894737,17.460526315789473,61.199999999999996,Under-utilized
Kra Daadi,2.1621621621621623,0.43243243243243246,1.0,Under-utilized
Krishna,84.2051282051282,16.84102564102564,52.0,Under-utilized
Krishnagiri,63.77922077922078,12.755844155844157,42.0,Under-utilized
Kulgam,16.72463768115942,3.3449275362318844,10.8,Under-utilized
Kullu,17.057142857142857,3.4114285714285715,22.8,Under-utilized
Kupwara,37.346666666666664,7.469333333333334,22.8,Under-utilized
Kurnool,149.55844155844156,29.91168831168831,88.4,Under-utilized
Kurukshetra,31.671232876712327,6.3342465753424655,25.2,Under-utilized
Kurung Kumey,2.212121212121212,0.4424242424242424,2.6,Under-utilized
Kushi Nagar,1570.0,314.0,314.0,Over Capacity
Kushinagar,132.1772151898734,26.435443037974686,90.0,Under-utilized
Lahaul And Spiti,1.0,0.20000000000000004,0.2,Under-utilized
Lahul & Spiti,1.48,0.29600000000000004,0.8,Under-utilized
Lahul And Spiti,1.2916666666666667,0.25833333333333336,0.4,Under-utilized
Lakhimpur,86.39024390243902,17.278048780487804,182.20000000000002,Under-utilized
Lakhisarai,79.35526315789474,15.871052631578948,321.6,Under-utilized
Lakshadweep,3.262295081967213,0.6524590163934426,2.4,Under-utilized
Lalitpur,61.55263157894737,12.310526315789474,44.2,Under-utilized
Latehar,33.88157894736842,6.776315789473684,22.2,Under-utilized
Latur,93.275,18.655,163.79999999999998,Under-utilized
Lawngtlai,21.83783783783784,4.367567567567567,74.2,Under-utilized
Leh,5.0625,1.0125,3.5999999999999996,Under-utilized
Leh (Ladakh),1.0,0.2,0.2,Under-utilized
Leparada,1.0,0.20000000000000004,0.2,Under-utilized
Lohardaga,37.0,7.3999999999999995,72.0,Under-utilized
Lohit,3.204081632653061,0.6408163265306123,3.0,Under-utilized
Longding,13.507692307692308,2.7015384615384614,80.2,Under-utilized
Longleng,15.821428571428571,3.164285714285714,73.8,Under-utilized
Lower Dibang Valley,2.06,0.41200000000000003,1.0,Under-utilized
Lower Siang,1.2916666666666667,0.25833333333333336,0.6,Under-utilized
Lower Subansiri,2.0588235294117645,0.4117647058823529,1.0,Under-utilized
Lucknow,301.43373493975906,60.28674698795181,550.0,Optimal
Ludhiana,215.5185185185185,43.10370370370371,673.2,Under-utilized
Lunglei,10.0,2.0,36.6,Under-utilized
Madhepura,109.29113924050633,21.858227848101265,99.8,Under-utilized
Madhubani,298.70588235294116,59.741176470588236,484.99999999999994,Optimal
Madurai,124.33333333333333,24.866666666666667,67.80000000000001,Under-utilized
Mahabub Nagar,20.15068493150685,4.03013698630137,11.4,Under-utilized
Mahabubabad,20.13888888888889,4.027777777777778,10.2,Under-utilized
Mahabubnagar,131.3815789473684,26.276315789473685,66.2,Under-utilized
Maharajganj,208.42352941176472,41.68470588235294,841.8,Under-utilized
Mahasamund,42.9054054054054,8.58108108108108,24.8,Under-utilized
Mahbubnagar,10.114285714285714,2.0228571428571427,4.8,Under-utilized
Mahendragarh,34.473684210526315,6.894736842105263,24.2,Under-utilized
Mahesana,79.9113924050633,15.982278481012656,231.4,Under-utilized
Mahisagar,34.80555555555556,6.961111111111111,112.79999999999998,Under-utilized
Mahoba,38.15584415584416,7.631168831168831,25.0,Under-utilized
Mahrajganj,1.125,0.225,0.6,Under-utilized
Maihar,5.882352941176471,1.1764705882352942,4.3999999999999995,Under-utilized
Mainpuri,143.75,28.75,472.6,Under-utilized
Majuli,8.241935483870968,1.6483870967741936,42.0,Under-utilized
Malappuram,190.3815789473684,38.07631578947369,172.0,Under-utilized
Malda,194.7125,38.9425,109.4,Under-utilized
Maldah,22.324675324675326,4.464935064935065,14.6,Under-utilized
Malerkotla,12.202898550724637,2.440579710144928,9.0,Under-utilized
Malkangiri,39.21917808219178,7.843835616438357,27.400000000000002,Under-utilized
Mamit,3.4,0.68,3.4000000000000004,Under-utilized
Mammit,1.8095238095238095,0.36190476190476195,1.2,Under-utilized
Mancherial,14.791666666666666,2.9583333333333335,7.6,Under-utilized
Mandi,32.91891891891892,6.583783783783784,20.8,Under-utilized
Mandla,63.93421052631579,12.786842105263156,46.0,Under-utilized
Mandsaur,108.64,21.727999999999998,83.6,Under-utilized
Mandya,47.9054054054054,9.58108108108108,43.4,Under-utilized
Manendragarh–Chirmiri–Bharatpur,4.298507462686567,0.8597014925373134,3.4000000000000004,Under-utilized
Mangan,1.0,0.20000000000000004,0.2,Under-utilized
Mansa,15.507042253521126,3.1014084507042257,10.0,Under-utilized
Marigaon,126.93827160493827,25.387654320987654,501.19999999999993,Under-utilized
Mathura,141.76543209876544,28.353086419753087,277.8,Under-utilized
Mau,95.8961038961039,19.179220779220778,49.6,Under-utilized
Mauganj,5.875,1.1749999999999998,4.2,Under-utilized
Mayiladuthurai,7.144927536231884,1.4289855072463766,5.800000000000001,Under-utilized
Mayurbhanj,105.77631578947368,21.155263157894737,62.6,Under-utilized
Medak,123.50704225352112,24.701408450704225,69.0,Under-utilized
Medchal Malkajgiri,352.0,70.4,81.2,Optimal
Medchal-Malkajgiri,52.776315789473685,10.555263157894737,33.6,Under-utilized
MedchalMalkajgiri,1.0,0.2,0.2,Under-utilized
Medchal−Malkajgiri,7.166666666666667,1.4333333333333333,4.3999999999999995,Under-utilized
Medinipur,1.4736842105263157,0.2947368421052632,0.8,Under-utilized
Medinipur West,322.5,64.5,104.60000000000001,Optimal
Meerut,291.4320987654321,58.28641975308642,836.8000000000001,Optimal
Meluri,1.4166666666666667,0.2833333333333334,0.8,Under-utilized
Mewat,94.31168831168831,18.862337662337662,265.4,Under-utilized
Mirzapur,97.81818181818181,19.563636363636366,58.199999999999996,Under-utilized
Moga,20.602739726027398,4.120547945205479,9.8,Under-utilized
Mohalla-Manpur-Ambagarh Chowki,1.4444444444444444,0.2888888888888889,0.6,Under-utilized
Mohla-Manpur-Ambagarh Chouki,4.015873015873016,0.8031746031746032,4.2,Under-utilized
Mokokchung,7.363636363636363,1.4727272727272727,44.0,Under-utilized
Mon,29.346666666666668,5.8693333333333335,200.59999999999997,Under-utilized
Monghyr,1.5806451612903225,0.31612903225806455,0.8,Under-utilized
Moradabad,261.4146341463415,52.28292682926829,810.2,Optimal
Morbi,104.60526315789474,20.92105263157895,565.8000000000001,Under-utilized
Morena,278.35,55.67,1214.6000000000001,Optimal
Muktsar,5.338709677419355,1.067741935483871,3.8,Under-utilized
Mulugu,12.73972602739726,2.547945205479452,8.0,Under-utilized
Mumbai,181.0379746835443,36.207594936708865,186.20000000000002,Under-utilized
Mumbai City,39.027027027027025,7.805405405405406,38.2,Under-utilized
Mumbai Suburban,221.98765432098764,44.397530864197535,1114.2,Under-utilized
Mumbai( Sub Urban ),5.788732394366197,1.1577464788732394,5.800000000000001,Under-utilized
Mungeli,37.2,7.44,30.2,Under-utilized
Munger,75.84615384615384,15.16923076923077,139.79999999999998,Under-utilized
Murshidabad,448.3076923076923,89.66153846153847,259.2,Near Capacity
Muzaffarnagar,147.0125,29.402499999999996,332.2,Under-utilized
Muzaffarpur,340.93975903614455,68.18795180722891,873.1999999999999,Optimal
Mysore,40.18666666666667,8.037333333333333,37.0,Under-utilized
Mysuru,55.857142857142854,11.171428571428573,113.39999999999999,Under-utilized
N. T. R,12.324324324324325,2.464864864864865,9.2,Under-utilized
Nabarangapur,81.14473684210526,16.228947368421053,55.2,Under-utilized
Nabarangpur,442.0,88.4,88.4,Near Capacity
Nadia,216.44444444444446,43.28888888888889,411.00000000000006,Under-utilized
Nagaon,153.52439024390245,30.70487804878049,484.0,Under-utilized
Nagapattinam,51.776315789473685,10.355263157894736,35.0,Under-utilized
Nagarkurnool,18.859154929577464,3.7718309859154933,10.4,Under-utilized
Nagaur,209.17283950617283,41.834567901234564,310.2,Under-utilized
Nagpur,147.58227848101265,29.516455696202534,233.2,Under-utilized
Nainital,49.32051282051282,9.864102564102565,120.39999999999999,Under-utilized
Najafgarh,1.2,0.24,0.4,Under-utilized
Nalanda,178.64556962025316,35.72911392405063,411.59999999999997,Under-utilized
Nalbari,47.29113924050633,9.458227848101266,49.2,Under-utilized
Nalgonda,98.2948717948718,19.65897435897436,56.00000000000001,Under-utilized
Namakkal,63.0,12.6,32.4,Under-utilized
Namchi,1.4375,0.28750000000000003,0.8,Under-utilized
Namsai,2.5964912280701755,0.5192982456140351,2.0,Under-utilized
Nanded,147.0875,29.4175,360.59999999999997,Under-utilized
Nandurbar,133.7594936708861,26.751898734177217,620.0,Under-utilized
Nandyal,12.657142857142857,2.531428571428571,7.8,Under-utilized
Narayanpet,17.726027397260275,3.545205479452055,8.799999999999999,Under-utilized
Narayanpur,10.720588235294118,2.144117647058824,6.6000000000000005,Under-utilized
Narmada,17.91304347826087,3.582608695652174,8.799999999999999,Under-utilized
Narmadapuram,10.676470588235293,2.135294117647059,5.800000000000001,Under-utilized
Narsimhapur,16.416666666666668,3.283333333333333,10.4,Under-utilized
Narsinghpur,68.37333333333333,13.674666666666665,102.8,Under-utilized
Nashik,278.72151898734177,55.744303797468355,923.0,Optimal
Navsari,37.06849315068493,7.413698630136987,51.4,Under-utilized
Nawada,190.48101265822785,38.09620253164557,734.4,Under-utilized
Nawanshahr,3.673076923076923,0.7346153846153847,3.4000000000000004,Under-utilized
Nayagarh,32.32,6.464,18.2,Under-utilized
Neemuch,63.753246753246756,12.75064935064935,40.6,Under-utilized
Nellore,69.26315789473684,13.852631578947367,39.2,Under-utilized
New Delhi,27.133333333333333,5.426666666666666,218.2,Under-utilized
Nicobar,2.3870967741935485,0.4774193548387097,2.4,Under-utilized
Nicobars,1.0,0.2,0.2,Under-utilized
Nirmal,19.557142857142857,3.9114285714285715,9.4,Under-utilized
Niuland,1.5555555555555556,0.3111111111111111,1.0,Under-utilized
Niwari,2.816326530612245,0.563265306122449,2.0,Under-utilized
Nizamabad,94.16216216216216,18.83243243243243,52.800000000000004,Under-utilized
Noklak,6.218181818181818,1.2436363636363637,25.6,Under-utilized
North,1.8333333333333333,0.3666666666666667,1.2,Under-utilized
North 24 Parganas,348.39506172839504,69.67901234567901,272.2,Optimal
North And Middle Andaman,2.6875,0.5375,1.6,Under-utilized
North Cachar Hills,13.906666666666666,2.7813333333333334,81.6,Under-utilized
North Delhi,54.35443037974684,10.870886075949368,180.20000000000002,Under-utilized
North Dinajpur,4.76056338028169,0.952112676056338,3.4000000000000004,Under-utilized
North East,22.626666666666665,4.525333333333333,14.399999999999999,Under-utilized
North East Delhi,150.15189873417722,30.030379746835443,896.4000000000001,Under-utilized
North Garo Hills,46.25757575757576,9.251515151515152,299.0,Under-utilized
North Goa,17.83783783783784,3.5675675675675675,8.4,Under-utilized
North Sikkim,1.6666666666666667,0.3333333333333333,1.7999999999999998,Under-utilized
North Tripura,19.756756756756758,3.951351351351352,43.2,Under-utilized
North Twenty Four Parganas,21.013157894736842,4.2026315789473685,10.2,Under-utilized
North West Delhi,184.53571428571428,36.90714285714286,261.2,Under-utilized
Nuapada,27.813333333333333,5.562666666666667,18.0,Under-utilized
Nuh,1506.0,301.2,301.2,Over Capacity
Osmanabad,52.5,10.5,78.0,Under-utilized
Pakaur,4.770491803278689,0.9540983606557377,4.2,Under-utilized
Pakke Kessang,1.0,0.2,0.2,Under-utilized
Pakur,87.83333333333333,17.566666666666666,405.6,Under-utilized
Palakkad,88.69333333333333,17.738666666666667,70.8,Under-utilized
Palamau,4.3125,0.8625,5.4,Under-utilized
Palamu,112.01333333333334,22.40266666666667,105.4,Under-utilized
Palghar,130.11111111111111,26.022222222222226,243.4,Under-utilized
Pali,115.66233766233766,23.132467532467533,65.60000000000001,Under-utilized
Palnadu,11.690140845070422,2.3380281690140845,7.3999999999999995,Under-utilized
Palwal,58.26315789473684,11.65263157894737,52.800000000000004,Under-utilized
Panch Mahals,35.87179487179487,7.174358974358973,264.59999999999997,Under-utilized
Panchkula,18.541666666666668,3.7083333333333335,15.8,Under-utilized
Panchmahals,77.55696202531645,15.511392405063292,180.4,Under-utilized
Pandhurna,2.5128205128205128,0.5025641025641026,4.6,Under-utilized
Panipat,76.0886075949367,15.217721518987343,304.59999999999997,Under-utilized
Panna,116.25,23.25,97.39999999999999,Under-utilized
Papum Pare,5.945205479452055,1.189041095890411,3.5999999999999996,Under-utilized
Parbhani,76.9875,15.397499999999999,109.4,Under-utilized
Parvathipuram Manyam,6.791666666666667,1.3583333333333334,3.5999999999999996,Under-utilized
Paschim Bardhaman,16.657894736842106,3.331578947368421,17.599999999999998,Under-utilized
Paschim Medinipur,227.65384615384616,45.53076923076923,133.6,Under-utilized
Pashchim Champaran,389.4761904761905,77.8952380952381,1928.3999999999999,Optimal
Pashchimi Singhbhum,8.347826086956522,1.6695652173913045,5.0,Under-utilized
Patan,112.22784810126582,22.445569620253163,630.1999999999999,Under-utilized
Pathanamthitta,26.61111111111111,5.322222222222222,14.799999999999999,Under-utilized
Pathankot,15.305555555555555,3.0611111111111113,13.600000000000001,Under-utilized
Patiala,66.06493506493507,13.212987012987012,204.2,Under-utilized
Patna,289.89156626506025,57.97831325301205,679.8,Optimal
Pauri Garhwal,24.12,4.824,15.6,Under-utilized
Peddapalli,8.558823529411764,1.711764705882353,5.0,Under-utilized
Perambalur,27.573333333333334,5.514666666666667,16.6,Under-utilized
Peren,21.65671641791045,4.33134328358209,108.80000000000001,Under-utilized
Phek,15.727272727272727,3.1454545454545455,89.4,Under-utilized
Pherzawl,2.0,0.4,1.0,Under-utilized
Pilibhit,165.71604938271605,33.14320987654321,553.2,Under-utilized
Pithoragarh,16.72222222222222,3.3444444444444446,11.600000000000001,Under-utilized
Pondicherry,14.958333333333334,2.9916666666666667,9.2,Under-utilized
Porbandar,35.04225352112676,7.0084507042253525,119.0,Under-utilized
Prakasam,97.23684210526316,19.44736842105263,47.4,Under-utilized
Pratapgarh,179.45454545454547,35.89090909090909,90.8,Under-utilized
Prayagraj,36.46153846153846,7.292307692307693,213.20000000000002,Under-utilized
Puducherry,17.48,3.496,9.4,Under-utilized
Pudukkottai,87.55696202531645,17.511392405063294,58.8,Under-utilized
Pulwama,25.068493150684933,5.013698630136986,20.200000000000003,Under-utilized
Punch,34.5945945945946,6.918918918918919,42.199999999999996,Under-utilized
Pune,375.27710843373495,75.055421686747,1097.6000000000001,Optimal
Purba Bardhaman,38.8051948051948,7.761038961038961,28.599999999999998,Under-utilized
Purba Champaran,2.326923076923077,0.4653846153846154,2.0,Under-utilized
Purba Medinipur,180.97435897435898,36.194871794871794,95.19999999999999,Under-utilized
Purbi Champaran,3717.75,743.55,1667.3999999999999,Over Capacity
Purbi Singhbhum,13.121621621621621,2.6243243243243244,9.4,Under-utilized
Puri,49.391891891891895,9.878378378378379,25.8,Under-utilized
Purnea,4.396551724137931,0.8793103448275862,2.4,Under-utilized
Purnia,238.9390243902439,47.78780487804878,384.8,Under-utilized
Purulia,10.616438356164384,2.1232876712328768,5.6000000000000005,Under-utilized
Puruliya,169.4935064935065,33.8987012987013,84.39999999999999,Under-utilized
Rae Bareli,122.37179487179488,24.474358974358974,88.2,Under-utilized
Raebareli,1.5,0.30000000000000004,0.4,Under-utilized
Raichur,125.88157894736842,25.176315789473687,85.6,Under-utilized
Raigad,44.473684210526315,8.894736842105264,233.2,Under-utilized
Raigarh,126.20253164556962,25.240506329113924,304.4,Under-utilized
Raigarh(Mh),2.1794871794871793,0.4358974358974359,1.4000000000000001,Under-utilized
Raipur,87.43589743589743,17.487179487179485,64.4,Under-utilized
Raisen,98.28947368421052,19.657894736842106,103.0,Under-utilized
Rajanna Sircilla,12.19718309859155,2.4394366197183097,7.8,Under-utilized
Rajauri,1.0,0.2,0.2,Under-utilized
Rajgarh,107.43243243243244,21.486486486486488,129.8,Under-utilized
Rajkot,207.12345679012347,41.424691358024695,840.8,Under-utilized
Rajnandgaon,55.638888888888886,11.127777777777778,37.6,Under-utilized
Rajouri,34.08108108108108,6.816216216216216,24.6,Under-utilized
Rajsamand,56.166666666666664,11.233333333333334,29.2,Under-utilized
Ramanagar,39.36486486486486,7.872972972972973,23.799999999999997,Under-utilized
Ramanagara,204.0,40.8,40.8,Under-utilized
Ramanathapuram,52.689189189189186,10.537837837837838,31.2,Under-utilized
Ramban,26.02777777777778,5.205555555555556,27.6,Under-utilized
Ramgarh,37.88157894736842,7.576315789473684,24.8,Under-utilized
Rampur,240.32530120481928,48.06506024096385,1230.8,Under-utilized
Ranchi,175.9746835443038,35.19493670886076,319.0,Under-utilized
Ranga Reddy,284.0,56.8,56.8,Optimal
Rangareddi,25.830985915492956,5.166197183098592,13.4,Under-utilized
Rangareddy,4.260869565217392,0.8521739130434782,3.0,Under-utilized
Ranipet,2.1346153846153846,0.4269230769230769,1.2,Under-utilized
Ratlam,103.73684210526316,20.74736842105263,90.2,Under-utilized
Ratnagiri,32.62337662337662,6.524675324675324,22.400000000000002,Under-utilized
Rayagada,41.61038961038961,8.322077922077922,23.400000000000002,Under-utilized
Reasi,22.71232876712329,4.542465753424658,18.8,Under-utilized
Rewa,138.57142857142858,27.714285714285715,90.8,Under-utilized
Rewari,31.945945945945947,6.38918918918919,24.2,Under-utilized
Ri Bhoi,117.27848101265823,23.455696202531644,484.8,Under-utilized
Rohtak,43.467532467532465,8.693506493506494,105.60000000000001,Under-utilized
Rohtas,97.12658227848101,19.4253164556962,98.0,Under-utilized
Rudraprayag,12.863013698630137,2.5726027397260274,11.4,Under-utilized
Rupnagar,16.635135135135137,3.327027027027027,10.4,Under-utilized
S.A.S Nagar,352.5,70.5,84.6,Optimal
S.A.S Nagar(Mohali),4.059701492537314,0.8119402985074626,3.0,Under-utilized
Sabar Kantha,41.93103448275862,8.386206896551725,455.40000000000003,Under-utilized
Sabarkantha,65.89473684210526,13.178947368421053,139.2,Under-utilized
Sagar,169.75,33.95,314.40000000000003,Under-utilized
Saharanpur,226.84146341463415,45.368292682926835,584.0,Under-utilized
Saharsa,157.375,31.475,247.6,Under-utilized
Sahebganj,77.32051282051282,15.464102564102564,56.8,Under-utilized
Sahibganj,5.3076923076923075,1.0615384615384615,4.6,Under-utilized
Saiha,9.397058823529411,1.8794117647058823,36.6,Under-utilized
Saitual,1.5,0.3,1.0,Under-utilized
Sakti,6.746268656716418,1.3492537313432837,4.2,Under-utilized
Salem,127.34615384615384,25.46923076923077,98.8,Under-utilized
Salumbar,1.0,0.2,0.2,Under-utilized
Samastipur,237.19230769230768,47.43846153846154,202.8,Under-utilized
Samba,8.26086956521739,1.6521739130434783,5.800000000000001,Under-utilized
Sambalpur,34.12162162162162,6.824324324324325,19.6,Under-utilized
Sambhal,109.78205128205128,21.956410256410255,110.00000000000001,Under-utilized
Samstipur,2.108108108108108,0.4216216216216216,1.0,Under-utilized
Sangareddy,35.54054054054054,7.108108108108108,22.8,Under-utilized
Sangli,92.6875,18.5375,318.8,Under-utilized
Sangrur,30.333333333333332,6.066666666666666,33.2,Under-utilized
Sant Kabir Nagar,76.5,15.3,50.4,Under-utilized
Sant Ravidas Nagar,56.78947368421053,11.357894736842105,33.6,Under-utilized
Sant Ravidas Nagar Bhadohi,2.135135135135135,0.42702702702702705,1.4000000000000001,Under-utilized
Saran,288.5121951219512,57.70243902439025,506.20000000000005,Optimal
Sarangarh-Bilaigarh,3.1964285714285716,0.6392857142857143,3.2,Under-utilized
Sas Nagar (Mohali),38.11842105263158,7.623684210526315,56.00000000000001,Under-utilized
Satara,75.1923076923077,15.038461538461538,91.8,Under-utilized
Satna,168.0,33.6,125.8,Under-utilized
Sawai Madhopur,85.16666666666667,17.03333333333333,182.0,Under-utilized
Sehore,83.31168831168831,16.662337662337663,334.6,Under-utilized
Senapati,19.77027027027027,3.9540540540540543,10.2,Under-utilized
Seoni,81.06756756756756,16.21351351351351,66.0,Under-utilized
Sepahijala,24.271428571428572,4.854285714285714,65.0,Under-utilized
Seraikela-Kharsawan,52.84415584415584,10.568831168831169,37.0,Under-utilized
Serchhip,2.5,0.5,2.1999999999999997,Under-utilized
Shahdara,22.93243243243243,4.586486486486487,159.8,Under-utilized
Shahdol,69.30666666666667,13.861333333333333,64.2,Under-utilized
Shaheed Bhagat Singh Nagar,12.985915492957746,2.5971830985915494,10.0,Under-utilized
Shahjahanpur,293.3414634146341,58.66829268292683,1585.0,Optimal
Shajapur,91.2,18.24,57.599999999999994,Under-utilized
Shamator,4.258620689655173,0.8517241379310344,6.4,Under-utilized
Shamli,100.475,20.095000000000002,107.4,Under-utilized
Sheikhpura,39.55844155844156,7.911688311688312,35.199999999999996,Under-utilized
Sheikpura,1.35,0.27,0.4,Under-utilized
Sheohar,39.86842105263158,7.973684210526316,39.4,Under-utilized
Sheopur,93.98684210526316,18.79736842105263,350.59999999999997,Under-utilized
Shi-Yomi,1.7222222222222223,0.34444444444444444,1.4000000000000001,Under-utilized
Shimla,21.666666666666668,4.333333333333333,17.4,Under-utilized
Shimoga,29.236842105263158,5.847368421052631,24.8,Under-utilized
Shivamogga,29.68918918918919,5.937837837837837,20.0,Under-utilized
Shivpuri,153.41975308641975,30.68395061728395,272.8,Under-utilized
Shopian,412.0,82.39999999999999,82.39999999999999,Near Capacity
Shravasti,1267.5,253.5,319.20000000000005,Over Capacity
Shrawasti,63.77215189873418,12.754430379746836,150.4,Under-utilized
Shupiyan,9.558823529411764,1.911764705882353,11.4,Under-utilized
Siang,2.8333333333333335,0.5666666666666668,2.4,Under-utilized
Sibsagar,35.653333333333336,7.1306666666666665,115.8,Under-utilized
Siddharth Nagar,2170.5,434.1,789.6,Over Capacity
Siddharthnagar,170.17283950617283,34.03456790123457,375.59999999999997,Under-utilized
Siddipet,25.123287671232877,5.024657534246575,16.400000000000002,Under-utilized
Sidhi,81.73684210526316,16.347368421052632,53.6,Under-utilized
Sikar,136.98765432098764,27.397530864197527,130.0,Under-utilized
Simdega,27.625,5.525,15.4,Under-utilized
Sindhudurg,15.302631578947368,3.0605263157894735,10.2,Under-utilized
Singrauli,82.4342105263158,16.486842105263158,48.199999999999996,Under-utilized
Sirmaur,20.904109589041095,4.180821917808219,14.799999999999999,Under-utilized
Sirohi,131.9620253164557,26.39240506329114,543.4,Under-utilized
Sirsa,43.6986301369863,8.73972602739726,38.2,Under-utilized
Sitamarhi,478.7586206896552,95.75172413793103,1823.4,Near Capacity
Sitapur,371.6463414634146,74.32926829268293,1623.1999999999998,Optimal
Sivaganga,57.46052631578947,11.492105263157894,36.199999999999996,Under-utilized
Sivasagar,211.0,42.2,68.4,Under-utilized
Siwan,185.925,37.185,133.0,Under-utilized
Solan,15.63013698630137,3.126027397260274,9.4,Under-utilized
Solapur,146.67073170731706,29.334146341463416,132.0,Under-utilized
Sonapur,20.08219178082192,4.016438356164383,10.4,Under-utilized
Sonbhadra,65.6,13.12,44.0,Under-utilized
Sonipat,58.753246753246756,11.75064935064935,85.8,Under-utilized
Sonitpur,108.82926829268293,21.765853658536585,206.0,Under-utilized
South,3.4035087719298245,0.6807017543859648,2.4,Under-utilized
South 24 Pargana,1.0,0.2,0.2,Under-utilized
South 24 Parganas,418.8607594936709,83.77215189873418,291.2,Near Capacity
South Andaman,3.6129032258064515,0.7225806451612903,2.4,Under-utilized
South Delhi,161.1219512195122,32.22439024390244,250.8,Under-utilized
South Dinajpur,6.2898550724637685,1.2579710144927536,4.3999999999999995,Under-utilized
South East Delhi,1.6470588235294117,0.3294117647058824,0.8,Under-utilized
South Garo Hills,67.06060606060606,13.41212121212121,283.59999999999997,Under-utilized
South Goa,13.123287671232877,2.6246575342465754,6.6000000000000005,Under-utilized
South Salmara Mankachar,19.41891891891892,3.8837837837837834,61.6,Under-utilized
South Sikkim,8.5,1.7,52.0,Under-utilized
South Tripura,29.04225352112676,5.8084507042253515,22.2,Under-utilized
South Twenty Four Parganas,52.57142857142857,10.514285714285714,41.0,Under-utilized
South West Delhi,112.8125,22.5625,165.0,Under-utilized
South West Garo Hills,69.49295774647888,13.898591549295775,355.0,Under-utilized
South West Khasi Hills,45.223684210526315,9.044736842105262,197.6,Under-utilized
Spsr Nellore,727.6666666666666,145.53333333333333,269.6,Over Capacity
Sri Muktsar Sahib,18.3943661971831,3.6788732394366197,12.8,Under-utilized
Sri Potti Sriramulu Nellore,20.826666666666668,4.165333333333333,14.799999999999999,Under-utilized
Sri Sathya Sai,12.690140845070422,2.5380281690140842,6.6000000000000005,Under-utilized
Sribhumi,2.683333333333333,0.5366666666666667,3.0,Under-utilized
Srikakulam,55.68,11.136000000000001,27.800000000000004,Under-utilized
Srinagar,41.68421052631579,8.336842105263159,21.2,Under-utilized
Subarnapur,5.591549295774648,1.1183098591549294,2.6,Under-utilized
Sukma,29.47945205479452,5.895890410958904,76.2,Under-utilized
Sultanpur,139.975,27.994999999999997,232.79999999999998,Under-utilized
Sundargarh,9.985915492957746,1.9971830985915495,7.000000000000001,Under-utilized
Sundergarh,52.44,10.488,29.799999999999997,Under-utilized
Supaul,128.66666666666666,25.733333333333334,90.2,Under-utilized
Surajpur,38.78082191780822,7.756164383561645,27.800000000000004,Under-utilized
Surat,307.98765432098764,61.59753086419752,871.1999999999999,Optimal
Surendra Nagar,86.97402597402598,17.394805194805198,137.20000000000002,Under-utilized
Surendranagar,26.685185185185187,5.337037037037037,262.0,Under-utilized
Surguja,45.84,9.168000000000001,37.2,Under-utilized
Suryapet,26.44,5.288,17.0,Under-utilized
Tamenglong,13.309859154929578,2.6619718309859155,6.800000000000001,Under-utilized
Tamulpur District,1.588235294117647,0.31764705882352945,0.6,Under-utilized
Tapi,29.82191780821918,5.964383561643835,18.6,Under-utilized
Tarn Taran,39.25675675675676,7.851351351351352,77.2,Under-utilized
Tawang,2.8333333333333335,0.5666666666666667,2.4,Under-utilized
Tehri Garhwal,36.29333333333334,7.258666666666667,24.6,Under-utilized
Tenkasi,16.767123287671232,3.3534246575342466,9.6,Under-utilized
Thane,519.7831325301205,103.9566265060241,1468.6,Over Capacity
Thanjavur,93.77922077922078,18.755844155844155,77.2,Under-utilized
The Dangs,18.619718309859156,3.7239436619718305,52.2,Under-utilized
The Nilgiris,22.82191780821918,4.564383561643836,13.600000000000001,Under-utilized
Theni,44.76315789473684,8.952631578947368,26.8,Under-utilized
Thiruvallur,9.3125,1.8624999999999998,69.19999999999999,Under-utilized
Thiruvananthapuram,84.8961038961039,16.979220779220782,77.60000000000001,Under-utilized
Thiruvarur,55.33783783783784,11.067567567567568,36.199999999999996,Under-utilized
Thoothukkudi,68.44736842105263,13.689473684210528,53.2,Under-utilized
Thoubal,13.586666666666666,2.7173333333333334,10.4,Under-utilized
Thrissur,92.49333333333334,18.49866666666667,108.2,Under-utilized
Tikamgarh,95.06666666666666,19.013333333333332,63.6,Under-utilized
Tinsukia,103.72151898734177,20.744303797468355,501.40000000000003,Under-utilized
Tirap,2.119047619047619,0.4238095238095238,1.2,Under-utilized
Tiruchirappalli,127.89473684210526,25.57894736842105,76.0,Under-utilized
Tirunelveli,122.37662337662337,24.475324675324675,68.2,Under-utilized
Tirupathur,1.0,0.2,0.2,Under-utilized
Tirupati,22.44,4.488,18.2,Under-utilized
Tirupattur,14.295774647887324,2.859154929577465,11.200000000000001,Under-utilized
Tiruppur,79.53947368421052,15.907894736842104,42.0,Under-utilized
Tiruvallur,146.2987012987013,29.25974025974026,91.4,Under-utilized
Tiruvannamalai,92.6103896103896,18.522077922077923,45.0,Under-utilized
Tiruvarur,1.0,0.2,0.2,Under-utilized
Tonk,73.62820512820512,14.725641025641025,197.2,Under-utilized
Tseminyu,1.7058823529411764,0.3411764705882353,0.6,Under-utilized
Tuensang,20.613333333333333,4.1226666666666665,102.2,Under-utilized
Tumakuru,38.6578947368421,7.731578947368422,41.0,Under-utilized
Tumkur,39.12162162162162,7.824324324324325,30.8,Under-utilized
Tuticorin,1.0,0.2,0.2,Under-utilized
Udaipur,180.2875,36.0575,171.0,Under-utilized
Udalguri,56.92307692307692,11.384615384615385,225.99999999999997,Under-utilized
Udham Singh Nagar,77.01298701298701,15.402597402597403,42.0,Under-utilized
Udhampur,37.12162162162162,7.424324324324324,38.0,Under-utilized
Udupi,47.49333333333333,9.498666666666667,25.2,Under-utilized
Ujjain,187.42666666666668,37.48533333333334,117.39999999999999,Under-utilized
Ukhrul,10.771428571428572,2.1542857142857144,7.6,Under-utilized
Umaria,66.74025974025975,13.348051948051948,42.6,Under-utilized
Una,16.04,3.2079999999999997,14.2,Under-utilized
Unakoti,8.971428571428572,1.7942857142857143,10.0,Under-utilized
Unnao,228.43373493975903,45.68674698795181,668.8,Under-utilized
Upper Siang,1.4137931034482758,0.2827586206896552,1.0,Under-utilized
Upper Subansiri,2.7254901960784315,0.5450980392156863,1.7999999999999998,Under-utilized
Uttar Bastar Kanker,12.159420289855072,2.431884057971015,10.4,Under-utilized
Uttar Dinajpur,326.48148148148147,65.29629629629629,735.4,Optimal
Uttara Kannada,45.13333333333333,9.026666666666667,30.0,Under-utilized
Uttarkashi,15.36111111111111,3.0722222222222224,12.4,Under-utilized
Vadodara,144.25301204819277,28.850602409638554,236.79999999999998,Under-utilized
Vaishali,218.1,43.62,151.6,Under-utilized
Valsad,91.78481012658227,18.356962025316456,180.8,Under-utilized
Varanasi,282.1829268292683,56.43658536585366,1330.6,Optimal
Vellore,122.97402597402598,24.594805194805193,102.0,Under-utilized
Vidisha,130.7948717948718,26.15897435897436,382.2,Under-utilized
Vijayanagara,28.616438356164384,5.723287671232877,17.4,Under-utilized
Vijayapura,69.81012658227849,13.962025316455696,90.0,Under-utilized
Vikarabad,34.97260273972603,6.994520547945206,21.2,Under-utilized
Villupuram,88.25333333333333,17.650666666666666,42.8,Under-utilized
Viluppuram,66.26315789473684,13.25263157894737,33.2,Under-utilized
Virudhunagar,69.51315789473684,13.902631578947368,47.599999999999994,Under-utilized
Visakhapatanam,226.0,45.2,45.2,Under-utilized
Visakhapatnam,102.72727272727273,20.545454545454547,68.8,Under-utilized
Vizianagaram,48.63636363636363,9.727272727272727,30.2,Under-utilized
Wanaparthy,22.36986301369863,4.473972602739726,10.4,Under-utilized
Warangal,52.33783783783784,10.467567567567567,31.4,Under-utilized
Warangal (Urban),1.4,0.28,0.4,Under-utilized
Warangal Rural,10.434782608695652,2.0869565217391304,5.4,Under-utilized
Warangal Urban,8.797297297297296,1.7594594594594593,4.6,Under-utilized
Wardha,25.863013698630137,5.1726027397260275,24.6,Under-utilized
Washim,43.96052631578947,8.792105263157895,91.4,Under-utilized
Wayanad,21.585714285714285,4.317142857142857,17.0,Under-utilized
West,3.440677966101695,0.688135593220339,2.0,Under-utilized
West Champaran,373.9125,74.7825,1341.8,Optimal
West Delhi,229.73809523809524,45.94761904761905,1070.4,Under-utilized
West Garo Hills,199.9873417721519,39.997468354430374,859.4,Under-utilized
West Godavari,73.74358974358974,14.74871794871795,55.800000000000004,Under-utilized
West Jaintia Hills,145.07407407407408,29.014814814814812,583.4,Under-utilized
West Kameng,4.265625,0.853125,16.6,Under-utilized
West Karbi Anglong,26.366197183098592,5.273239436619718,96.6,Under-utilized
West Khasi Hills,195.09876543209876,39.019753086419755,939.0,Under-utilized
West Medinipur,1.0,0.2,0.2,Under-utilized
West Midnapore,28.666666666666668,5.733333333333333,17.599999999999998,Under-utilized
West Nimar,10.826086956521738,2.1652173913043478,7.199999999999999,Under-utilized
West Siang,2.90625,0.58125,2.8000000000000003,Under-utilized
West Sikkim,9.283018867924529,1.8566037735849057,34.2,Under-utilized
West Singhbhum,85.45454545454545,17.09090909090909,155.20000000000002,Under-utilized
West Tripura,36.986486486486484,7.397297297297297,47.199999999999996,Under-utilized
Wokha,8.65625,1.73125,49.6,Under-utilized
Y. S. R,10.635135135135135,2.1270270270270273,6.800000000000001,Under-utilized
Yadadri.,21.690140845070424,4.338028169014085,11.799999999999999,Under-utilized
Yadgir,89.22368421052632,17.844736842105263,129.20000000000002,Under-utilized
Yamuna Nagar,44.15068493150685,8.83013698630137,31.2,Under-utilized
Yamunanagar,1.6857142857142857,0.3371428571428572,0.8,Under-utilized
Yanam,1.2916666666666667,0.25833333333333336,0.6,Under-utilized
Yavatmal,98.28947368421052,19.657894736842106,260.40000000000003,Under-utilized
Zunheboto,11.194029850746269,2.2388059701492535,69.8,Under-utilized
